Datetime,Party,Odds
2026-06-18 19:58:10.657183,Anthony Albanese,1.80
2026-06-18 19:58:10.657183,Pauline Hanson,3.75
2026-06-18 19:58:10.657183,Angus Taylor,8.50
2026-06-18 19:58:10.657183,Barnaby Joyce,15.00
2026-06-18 19:58:10.657183,Jim Chalmers,15.00
2026-06-18 19:58:10.657183,Andrew Hastie,17.00
2026-06-18 19:58:10.657183,Jason Clare,34.00
2026-06-18 19:58:10.657183,Tanya Plibersek,34.00
2026-06-18 19:58:10.657183,Richard Marles,41.00
2026-06-18 19:58:10.657183,Josh Frydenberg,46.00
2026-06-18 19:58:10.657183,Lee Hanson,46.00
2026-06-18 19:58:10.657183,Andrew Charlon,51.00
2026-06-18 19:58:10.657183,Rebecca White,51.00
2026-06-18 19:58:10.657183,Anika Wells,67.00
2026-06-18 19:58:10.657183,Tony Burke,67.00
2026-06-18 19:58:10.657183,David Littleproud,81.00
2026-06-18 19:58:10.657183,Jacinta Price,81.00
2026-06-18 19:58:10.657183,Gladys Berejiklian,101.00
2026-06-18 19:58:10.657183,Larissa Waters,151.00
2026-06-19 06:42:07.611967,Anthony Albanese,1.80
2026-06-19 06:42:07.611967,Pauline Hanson,3.75
2026-06-19 06:42:07.611967,Angus Taylor,8.50
2026-06-19 06:42:07.611967,Barnaby Joyce,15.00
2026-06-19 06:42:07.611967,Jim Chalmers,15.00
2026-06-19 06:42:07.611967,Andrew Hastie,17.00
2026-06-19 06:42:07.611967,Jason Clare,34.00
2026-06-19 06:42:07.611967,Tanya Plibersek,34.00
2026-06-19 06:42:07.611967,Richard Marles,41.00
2026-06-19 06:42:07.611967,Josh Frydenberg,46.00
2026-06-19 06:42:07.611967,Lee Hanson,46.00
2026-06-19 06:42:07.611967,Andrew Charlon,51.00
2026-06-19 06:42:07.611967,Rebecca White,51.00
2026-06-19 06:42:07.611967,Anika Wells,67.00
2026-06-19 06:42:07.611967,Tony Burke,67.00
2026-06-19 06:42:07.611967,David Littleproud,81.00
2026-06-19 06:42:07.611967,Jacinta Price,81.00
2026-06-19 06:42:07.611967,Gladys Berejiklian,101.00
2026-06-19 06:42:07.611967,Larissa Waters,151.00
2026-06-20 06:42:07.927102,Anthony Albanese,1.80
2026-06-20 06:42:07.927102,Pauline Hanson,3.75
2026-06-20 06:42:07.927102,Angus Taylor,8.50
2026-06-20 06:42:07.927102,Barnaby Joyce,15.00
2026-06-20 06:42:07.927102,Jim Chalmers,15.00
2026-06-20 06:42:07.927102,Andrew Hastie,17.00
2026-06-20 06:42:07.927102,Jason Clare,34.00
2026-06-20 06:42:07.927102,Tanya Plibersek,34.00
2026-06-20 06:42:07.927102,Richard Marles,41.00
2026-06-20 06:42:07.927102,Josh Frydenberg,46.00
2026-06-20 06:42:07.927102,Lee Hanson,46.00
2026-06-20 06:42:07.927102,Andrew Charlon,51.00
2026-06-20 06:42:07.927102,Rebecca White,51.00
2026-06-20 06:42:07.927102,Anika Wells,67.00
2026-06-20 06:42:07.927102,Tony Burke,67.00
2026-06-20 06:42:07.927102,David Littleproud,81.00
2026-06-20 06:42:07.927102,Jacinta Price,81.00
2026-06-20 06:42:07.927102,Gladys Berejiklian,101.00
2026-06-20 06:42:07.927102,Larissa Waters,151.00
2026-06-21 06:42:07.889120,Anthony Albanese,1.80
2026-06-21 06:42:07.889120,Pauline Hanson,3.75
2026-06-21 06:42:07.889120,Angus Taylor,8.50
2026-06-21 06:42:07.889120,Barnaby Joyce,15.00
2026-06-21 06:42:07.889120,Jim Chalmers,15.00
2026-06-21 06:42:07.889120,Andrew Hastie,17.00
2026-06-21 06:42:07.889120,Jason Clare,34.00
2026-06-21 06:42:07.889120,Tanya Plibersek,34.00
2026-06-21 06:42:07.889120,Richard Marles,41.00
2026-06-21 06:42:07.889120,Josh Frydenberg,46.00
2026-06-21 06:42:07.889120,Lee Hanson,46.00
2026-06-21 06:42:07.889120,Andrew Charlon,51.00
2026-06-21 06:42:07.889120,Rebecca White,51.00
2026-06-21 06:42:07.889120,Anika Wells,67.00
2026-06-21 06:42:07.889120,Tony Burke,67.00
2026-06-21 06:42:07.889120,David Littleproud,81.00
2026-06-21 06:42:07.889120,Jacinta Price,81.00
2026-06-21 06:42:07.889120,Gladys Berejiklian,101.00
2026-06-21 06:42:07.889120,Larissa Waters,151.00
2026-06-22 06:42:07.947290,Anthony Albanese,1.80
2026-06-22 06:42:07.947290,Pauline Hanson,3.75
2026-06-22 06:42:07.947290,Angus Taylor,8.50
2026-06-22 06:42:07.947290,Barnaby Joyce,15.00
2026-06-22 06:42:07.947290,Jim Chalmers,15.00
2026-06-22 06:42:07.947290,Andrew Hastie,17.00
2026-06-22 06:42:07.947290,Jason Clare,34.00
2026-06-22 06:42:07.947290,Tanya Plibersek,34.00
2026-06-22 06:42:07.947290,Richard Marles,41.00
2026-06-22 06:42:07.947290,Josh Frydenberg,46.00
2026-06-22 06:42:07.947290,Lee Hanson,46.00
2026-06-22 06:42:07.947290,Andrew Charlon,51.00
2026-06-22 06:42:07.947290,Rebecca White,51.00
2026-06-22 06:42:07.947290,Anika Wells,67.00
2026-06-22 06:42:07.947290,Tony Burke,67.00
2026-06-22 06:42:07.947290,David Littleproud,81.00
2026-06-22 06:42:07.947290,Jacinta Price,81.00
2026-06-22 06:42:07.947290,Gladys Berejiklian,101.00
2026-06-22 06:42:07.947290,Larissa Waters,151.00
2026-06-23 06:42:09.715827,Anthony Albanese,1.80
2026-06-23 06:42:09.715827,Pauline Hanson,3.75
2026-06-23 06:42:09.715827,Angus Taylor,8.50
2026-06-23 06:42:09.715827,Barnaby Joyce,15.00
2026-06-23 06:42:09.715827,Jim Chalmers,15.00
2026-06-23 06:42:09.715827,Andrew Hastie,17.00
2026-06-23 06:42:09.715827,Jason Clare,34.00
2026-06-23 06:42:09.715827,Tanya Plibersek,34.00
2026-06-23 06:42:09.715827,Richard Marles,41.00
2026-06-23 06:42:09.715827,Josh Frydenberg,46.00
2026-06-23 06:42:09.715827,Lee Hanson,46.00
2026-06-23 06:42:09.715827,Andrew Charlon,51.00
2026-06-23 06:42:09.715827,Rebecca White,51.00
2026-06-23 06:42:09.715827,Anika Wells,67.00
2026-06-23 06:42:09.715827,Tony Burke,67.00
2026-06-23 06:42:09.715827,David Littleproud,81.00
2026-06-23 06:42:09.715827,Jacinta Price,81.00
2026-06-23 06:42:09.715827,Gladys Berejiklian,101.00
2026-06-23 06:42:09.715827,Larissa Waters,151.00
2026-06-24 06:42:06.482125,Anthony Albanese,1.80
2026-06-24 06:42:06.482125,Pauline Hanson,3.75
2026-06-24 06:42:06.482125,Angus Taylor,8.50
2026-06-24 06:42:06.482125,Barnaby Joyce,15.00
2026-06-24 06:42:06.482125,Jim Chalmers,15.00
2026-06-24 06:42:06.482125,Andrew Hastie,17.00
2026-06-24 06:42:06.482125,Jason Clare,34.00
2026-06-24 06:42:06.482125,Tanya Plibersek,34.00
2026-06-24 06:42:06.482125,Richard Marles,41.00
2026-06-24 06:42:06.482125,Josh Frydenberg,46.00
2026-06-24 06:42:06.482125,Lee Hanson,46.00
2026-06-24 06:42:06.482125,Andrew Charlon,51.00
2026-06-24 06:42:06.482125,Rebecca White,51.00
2026-06-24 06:42:06.482125,Anika Wells,67.00
2026-06-24 06:42:06.482125,Tony Burke,67.00
2026-06-24 06:42:06.482125,David Littleproud,81.00
2026-06-24 06:42:06.482125,Jacinta Price,81.00
2026-06-24 06:42:06.482125,Gladys Berejiklian,101.00
2026-06-24 06:42:06.482125,Larissa Waters,151.00
2026-06-25 06:42:08.815402,Anthony Albanese,1.80
2026-06-25 06:42:08.815402,Pauline Hanson,3.75
2026-06-25 06:42:08.815402,Angus Taylor,8.50
2026-06-25 06:42:08.815402,Barnaby Joyce,15.00
2026-06-25 06:42:08.815402,Jim Chalmers,15.00
2026-06-25 06:42:08.815402,Andrew Hastie,17.00
2026-06-25 06:42:08.815402,Jason Clare,34.00
2026-06-25 06:42:08.815402,Tanya Plibersek,34.00
2026-06-25 06:42:08.815402,Richard Marles,41.00
2026-06-25 06:42:08.815402,Josh Frydenberg,46.00
2026-06-25 06:42:08.815402,Lee Hanson,46.00
2026-06-25 06:42:08.815402,Andrew Charlon,51.00
2026-06-25 06:42:08.815402,Rebecca White,51.00
2026-06-25 06:42:08.815402,Anika Wells,67.00
2026-06-25 06:42:08.815402,Tony Burke,67.00
2026-06-25 06:42:08.815402,David Littleproud,81.00
2026-06-25 06:42:08.815402,Jacinta Price,81.00
2026-06-25 06:42:08.815402,Gladys Berejiklian,101.00
2026-06-25 06:42:08.815402,Larissa Waters,151.00
2026-06-26 06:42:07.816095,Anthony Albanese,1.80
2026-06-26 06:42:07.816095,Pauline Hanson,3.75
2026-06-26 06:42:07.816095,Angus Taylor,8.50
2026-06-26 06:42:07.816095,Barnaby Joyce,15.00
2026-06-26 06:42:07.816095,Jim Chalmers,15.00
2026-06-26 06:42:07.816095,Andrew Hastie,17.00
2026-06-26 06:42:07.816095,Jason Clare,34.00
2026-06-26 06:42:07.816095,Tanya Plibersek,34.00
2026-06-26 06:42:07.816095,Richard Marles,41.00
2026-06-26 06:42:07.816095,Josh Frydenberg,46.00
2026-06-26 06:42:07.816095,Lee Hanson,46.00
2026-06-26 06:42:07.816095,Andrew Charlon,51.00
2026-06-26 06:42:07.816095,Rebecca White,51.00
2026-06-26 06:42:07.816095,Anika Wells,67.00
2026-06-26 06:42:07.816095,Tony Burke,67.00
2026-06-26 06:42:07.816095,David Littleproud,81.00
2026-06-26 06:42:07.816095,Jacinta Price,81.00
2026-06-26 06:42:07.816095,Gladys Berejiklian,101.00
2026-06-26 06:42:07.816095,Larissa Waters,151.00
2026-06-27 06:42:06.496021,Anthony Albanese,1.80
2026-06-27 06:42:06.496021,Pauline Hanson,3.75
2026-06-27 06:42:06.496021,Angus Taylor,8.50
2026-06-27 06:42:06.496021,Barnaby Joyce,15.00
2026-06-27 06:42:06.496021,Jim Chalmers,15.00
2026-06-27 06:42:06.496021,Andrew Hastie,17.00
2026-06-27 06:42:06.496021,Jason Clare,34.00
2026-06-27 06:42:06.496021,Tanya Plibersek,34.00
2026-06-27 06:42:06.496021,Richard Marles,41.00
2026-06-27 06:42:06.496021,Josh Frydenberg,46.00
2026-06-27 06:42:06.496021,Lee Hanson,46.00
2026-06-27 06:42:06.496021,Andrew Charlon,51.00
2026-06-27 06:42:06.496021,Rebecca White,51.00
2026-06-27 06:42:06.496021,Anika Wells,67.00
2026-06-27 06:42:06.496021,Tony Burke,67.00
2026-06-27 06:42:06.496021,David Littleproud,81.00
2026-06-27 06:42:06.496021,Jacinta Price,81.00
2026-06-27 06:42:06.496021,Gladys Berejiklian,101.00
2026-06-27 06:42:06.496021,Larissa Waters,151.00
2026-06-28 06:42:09.987021,Anthony Albanese,1.80
2026-06-28 06:42:09.987021,Pauline Hanson,3.75
2026-06-28 06:42:09.987021,Angus Taylor,8.50
2026-06-28 06:42:09.987021,Barnaby Joyce,15.00
2026-06-28 06:42:09.987021,Jim Chalmers,15.00
2026-06-28 06:42:09.987021,Andrew Hastie,17.00
2026-06-28 06:42:09.987021,Jason Clare,34.00
2026-06-28 06:42:09.987021,Tanya Plibersek,34.00
2026-06-28 06:42:09.987021,Richard Marles,41.00
2026-06-28 06:42:09.987021,Josh Frydenberg,46.00
2026-06-28 06:42:09.987021,Lee Hanson,46.00
2026-06-28 06:42:09.987021,Andrew Charlon,51.00
2026-06-28 06:42:09.987021,Rebecca White,51.00
2026-06-28 06:42:09.987021,Anika Wells,67.00
2026-06-28 06:42:09.987021,Tony Burke,67.00
2026-06-28 06:42:09.987021,David Littleproud,81.00
2026-06-28 06:42:09.987021,Jacinta Price,81.00
2026-06-28 06:42:09.987021,Gladys Berejiklian,101.00
2026-06-28 06:42:09.987021,Larissa Waters,151.00
2026-06-29 06:42:09.423438,Anthony Albanese,1.80
2026-06-29 06:42:09.423438,Pauline Hanson,3.75
2026-06-29 06:42:09.423438,Angus Taylor,8.50
2026-06-29 06:42:09.423438,Barnaby Joyce,15.00
2026-06-29 06:42:09.423438,Jim Chalmers,15.00
2026-06-29 06:42:09.423438,Andrew Hastie,17.00
2026-06-29 06:42:09.423438,Jason Clare,34.00
2026-06-29 06:42:09.423438,Tanya Plibersek,34.00
2026-06-29 06:42:09.423438,Richard Marles,41.00
2026-06-29 06:42:09.423438,Josh Frydenberg,46.00
2026-06-29 06:42:09.423438,Lee Hanson,46.00
2026-06-29 06:42:09.423438,Andrew Charlon,51.00
2026-06-29 06:42:09.423438,Rebecca White,51.00
2026-06-29 06:42:09.423438,Anika Wells,67.00
2026-06-29 06:42:09.423438,Tony Burke,67.00
2026-06-29 06:42:09.423438,David Littleproud,81.00
2026-06-29 06:42:09.423438,Jacinta Price,81.00
2026-06-29 06:42:09.423438,Gladys Berejiklian,101.00
2026-06-29 06:42:09.423438,Larissa Waters,151.00
2026-06-30 06:42:06.677640,Anthony Albanese,1.80
2026-06-30 06:42:06.677640,Pauline Hanson,3.75
2026-06-30 06:42:06.677640,Angus Taylor,8.50
2026-06-30 06:42:06.677640,Barnaby Joyce,15.00
2026-06-30 06:42:06.677640,Jim Chalmers,15.00
2026-06-30 06:42:06.677640,Andrew Hastie,17.00
2026-06-30 06:42:06.677640,Jason Clare,34.00
2026-06-30 06:42:06.677640,Tanya Plibersek,34.00
2026-06-30 06:42:06.677640,Richard Marles,41.00
2026-06-30 06:42:06.677640,Josh Frydenberg,46.00
2026-06-30 06:42:06.677640,Lee Hanson,46.00
2026-06-30 06:42:06.677640,Andrew Charlon,51.00
2026-06-30 06:42:06.677640,Rebecca White,51.00
2026-06-30 06:42:06.677640,Anika Wells,67.00
2026-06-30 06:42:06.677640,Tony Burke,67.00
2026-06-30 06:42:06.677640,David Littleproud,81.00
2026-06-30 06:42:06.677640,Jacinta Price,81.00
2026-06-30 06:42:06.677640,Gladys Berejiklian,101.00
2026-06-30 06:42:06.677640,Larissa Waters,151.00
2026-07-01 06:42:11.127396,Anthony Albanese,1.80
2026-07-01 06:42:11.127396,Pauline Hanson,3.75
2026-07-01 06:42:11.127396,Andrew Hastie,11.00
2026-07-01 06:42:11.127396,Angus Taylor,11.00
2026-07-01 06:42:11.127396,Barnaby Joyce,15.00
2026-07-01 06:42:11.127396,Jim Chalmers,15.00
2026-07-01 06:42:11.127396,Jason Clare,34.00
2026-07-01 06:42:11.127396,Tanya Plibersek,34.00
2026-07-01 06:42:11.127396,Richard Marles,41.00
2026-07-01 06:42:11.127396,Josh Frydenberg,46.00
2026-07-01 06:42:11.127396,Lee Hanson,46.00
2026-07-01 06:42:11.127396,Andrew Charlon,51.00
2026-07-01 06:42:11.127396,Rebecca White,51.00
2026-07-01 06:42:11.127396,Anika Wells,67.00
2026-07-01 06:42:11.127396,Tony Burke,67.00
2026-07-01 06:42:11.127396,David Littleproud,81.00
2026-07-01 06:42:11.127396,Jacinta Price,81.00
2026-07-01 06:42:11.127396,Gladys Berejiklian,101.00
2026-07-01 06:42:11.127396,Larissa Waters,151.00
2026-07-02 06:42:10.300753,Anthony Albanese,2.10
2026-07-02 06:42:10.300753,Angus Taylor,4.60
2026-07-02 06:42:10.300753,Pauline Hanson,5.50
2026-07-02 06:42:10.300753,Jim Chalmers,8.00
2026-07-02 06:42:10.300753,Andrew Hastie,15.00
2026-07-02 06:42:10.300753,Barnaby Joyce,15.00
2026-07-02 06:42:10.300753,Jason Clare,34.00
2026-07-02 06:42:10.300753,Tanya Plibersek,34.00
2026-07-02 06:42:10.300753,Richard Marles,41.00
2026-07-02 06:42:10.300753,Josh Frydenberg,46.00
2026-07-02 06:42:10.300753,Lee Hanson,46.00
2026-07-02 06:42:10.300753,Andrew Charlon,51.00
2026-07-02 06:42:10.300753,Rebecca White,51.00
2026-07-02 06:42:10.300753,Anika Wells,67.00
2026-07-02 06:42:10.300753,Tony Burke,67.00
2026-07-02 06:42:10.300753,David Littleproud,81.00
2026-07-02 06:42:10.300753,Jacinta Price,81.00
2026-07-02 06:42:10.300753,Gladys Berejiklian,101.00
2026-07-02 06:42:10.300753,Larissa Waters,151.00
2026-07-03 06:42:11.333697,Anthony Albanese,2.10
2026-07-03 06:42:11.333697,Angus Taylor,4.60
2026-07-03 06:42:11.333697,Pauline Hanson,5.50
2026-07-03 06:42:11.333697,Jim Chalmers,8.00
2026-07-03 06:42:11.333697,Andrew Hastie,15.00
2026-07-03 06:42:11.333697,Barnaby Joyce,15.00
2026-07-03 06:42:11.333697,Jason Clare,34.00
2026-07-03 06:42:11.333697,Tanya Plibersek,34.00
2026-07-03 06:42:11.333697,Richard Marles,41.00
2026-07-03 06:42:11.333697,Josh Frydenberg,46.00
2026-07-03 06:42:11.333697,Lee Hanson,46.00
2026-07-03 06:42:11.333697,Andrew Charlon,51.00
2026-07-03 06:42:11.333697,Rebecca White,51.00
2026-07-03 06:42:11.333697,Anika Wells,67.00
2026-07-03 06:42:11.333697,Tony Burke,67.00
2026-07-03 06:42:11.333697,David Littleproud,81.00
2026-07-03 06:42:11.333697,Jacinta Price,81.00
2026-07-03 06:42:11.333697,Gladys Berejiklian,101.00
2026-07-03 06:42:11.333697,Larissa Waters,151.00
2026-07-04 06:42:07.732648,Anthony Albanese,2.10
2026-07-04 06:42:07.732648,Angus Taylor,4.60
2026-07-04 06:42:07.732648,Pauline Hanson,5.50
2026-07-04 06:42:07.732648,Jim Chalmers,8.00
2026-07-04 06:42:07.732648,Andrew Hastie,15.00
2026-07-04 06:42:07.732648,Barnaby Joyce,15.00
2026-07-04 06:42:07.732648,Jason Clare,34.00
2026-07-04 06:42:07.732648,Tanya Plibersek,34.00
2026-07-04 06:42:07.732648,Richard Marles,41.00
2026-07-04 06:42:07.732648,Josh Frydenberg,46.00
2026-07-04 06:42:07.732648,Lee Hanson,46.00
2026-07-04 06:42:07.732648,Andrew Charlon,51.00
2026-07-04 06:42:07.732648,Rebecca White,51.00
2026-07-04 06:42:07.732648,Anika Wells,67.00
2026-07-04 06:42:07.732648,Tony Burke,67.00
2026-07-04 06:42:07.732648,David Littleproud,81.00
2026-07-04 06:42:07.732648,Jacinta Price,81.00
2026-07-04 06:42:07.732648,Gladys Berejiklian,101.00
2026-07-04 06:42:07.732648,Larissa Waters,151.00
2026-07-05 06:42:07.419390,Anthony Albanese,2.10
2026-07-05 06:42:07.419390,Angus Taylor,4.60
2026-07-05 06:42:07.419390,Pauline Hanson,5.50
2026-07-05 06:42:07.419390,Jim Chalmers,8.00
2026-07-05 06:42:07.419390,Andrew Hastie,15.00
2026-07-05 06:42:07.419390,Barnaby Joyce,15.00
2026-07-05 06:42:07.419390,Jason Clare,34.00
2026-07-05 06:42:07.419390,Tanya Plibersek,34.00
2026-07-05 06:42:07.419390,Richard Marles,41.00
2026-07-05 06:42:07.419390,Josh Frydenberg,46.00
2026-07-05 06:42:07.419390,Lee Hanson,46.00
2026-07-05 06:42:07.419390,Andrew Charlon,51.00
2026-07-05 06:42:07.419390,Rebecca White,51.00
2026-07-05 06:42:07.419390,Anika Wells,67.00
2026-07-05 06:42:07.419390,Tony Burke,67.00
2026-07-05 06:42:07.419390,David Littleproud,81.00
2026-07-05 06:42:07.419390,Jacinta Price,81.00
2026-07-05 06:42:07.419390,Gladys Berejiklian,101.00
2026-07-05 06:42:07.419390,Larissa Waters,151.00
2026-07-06 06:42:08.706013,Anthony Albanese,2.10
2026-07-06 06:42:08.706013,Angus Taylor,4.60
2026-07-06 06:42:08.706013,Pauline Hanson,5.50
2026-07-06 06:42:08.706013,Jim Chalmers,8.00
2026-07-06 06:42:08.706013,Andrew Hastie,15.00
2026-07-06 06:42:08.706013,Barnaby Joyce,15.00
2026-07-06 06:42:08.706013,Jason Clare,34.00
2026-07-06 06:42:08.706013,Tanya Plibersek,34.00
2026-07-06 06:42:08.706013,Richard Marles,41.00
2026-07-06 06:42:08.706013,Josh Frydenberg,46.00
2026-07-06 06:42:08.706013,Lee Hanson,46.00
2026-07-06 06:42:08.706013,Andrew Charlon,51.00
2026-07-06 06:42:08.706013,Rebecca White,51.00
2026-07-06 06:42:08.706013,Anika Wells,67.00
2026-07-06 06:42:08.706013,Tony Burke,67.00
2026-07-06 06:42:08.706013,David Littleproud,81.00
2026-07-06 06:42:08.706013,Jacinta Price,81.00
2026-07-06 06:42:08.706013,Gladys Berejiklian,101.00
2026-07-06 06:42:08.706013,Larissa Waters,151.00
2026-07-07 06:42:09.145559,Anthony Albanese,2.10
2026-07-07 06:42:09.145559,Angus Taylor,4.60
2026-07-07 06:42:09.145559,Pauline Hanson,5.50
2026-07-07 06:42:09.145559,Jim Chalmers,8.00
2026-07-07 06:42:09.145559,Andrew Hastie,15.00
2026-07-07 06:42:09.145559,Barnaby Joyce,15.00
2026-07-07 06:42:09.145559,Jason Clare,34.00
2026-07-07 06:42:09.145559,Tanya Plibersek,34.00
2026-07-07 06:42:09.145559,Richard Marles,41.00
2026-07-07 06:42:09.145559,Josh Frydenberg,46.00
2026-07-07 06:42:09.145559,Lee Hanson,46.00
2026-07-07 06:42:09.145559,Andrew Charlon,51.00
2026-07-07 06:42:09.145559,Rebecca White,51.00
2026-07-07 06:42:09.145559,Anika Wells,67.00
2026-07-07 06:42:09.145559,Tony Burke,67.00
2026-07-07 06:42:09.145559,David Littleproud,81.00
2026-07-07 06:42:09.145559,Jacinta Price,81.00
2026-07-07 06:42:09.145559,Gladys Berejiklian,101.00
2026-07-07 06:42:09.145559,Larissa Waters,151.00
2026-07-08 06:42:09.290651,Anthony Albanese,2.10
2026-07-08 06:42:09.290651,Angus Taylor,4.60
2026-07-08 06:42:09.290651,Pauline Hanson,5.50
2026-07-08 06:42:09.290651,Jim Chalmers,8.00
2026-07-08 06:42:09.290651,Andrew Hastie,15.00
2026-07-08 06:42:09.290651,Barnaby Joyce,15.00
2026-07-08 06:42:09.290651,Jason Clare,34.00
2026-07-08 06:42:09.290651,Tanya Plibersek,34.00
2026-07-08 06:42:09.290651,Richard Marles,41.00
2026-07-08 06:42:09.290651,Josh Frydenberg,46.00
2026-07-08 06:42:09.290651,Lee Hanson,46.00
2026-07-08 06:42:09.290651,Andrew Charlon,51.00
2026-07-08 06:42:09.290651,Rebecca White,51.00
2026-07-08 06:42:09.290651,Anika Wells,67.00
2026-07-08 06:42:09.290651,Tony Burke,67.00
2026-07-08 06:42:09.290651,David Littleproud,81.00
2026-07-08 06:42:09.290651,Jacinta Price,81.00
2026-07-08 06:42:09.290651,Gladys Berejiklian,101.00
2026-07-08 06:42:09.290651,Larissa Waters,151.00
2026-07-09 06:42:09.212634,Anthony Albanese,1.91
2026-07-09 06:42:09.212634,Angus Taylor,5.00
2026-07-09 06:42:09.212634,Pauline Hanson,6.00
2026-07-09 06:42:09.212634,Jim Chalmers,8.00
2026-07-09 06:42:09.212634,Andrew Hastie,15.00
2026-07-09 06:42:09.212634,Barnaby Joyce,15.00
2026-07-09 06:42:09.212634,Jason Clare,34.00
2026-07-09 06:42:09.212634,Tanya Plibersek,34.00
2026-07-09 06:42:09.212634,Richard Marles,41.00
2026-07-09 06:42:09.212634,Josh Frydenberg,46.00
2026-07-09 06:42:09.212634,Lee Hanson,46.00
2026-07-09 06:42:09.212634,Andrew Charlon,51.00
2026-07-09 06:42:09.212634,Rebecca White,51.00
2026-07-09 06:42:09.212634,Anika Wells,67.00
2026-07-09 06:42:09.212634,Tony Burke,67.00
2026-07-09 06:42:09.212634,David Littleproud,81.00
2026-07-09 06:42:09.212634,Jacinta Price,81.00
2026-07-09 06:42:09.212634,Gladys Berejiklian,101.00
2026-07-09 06:42:09.212634,Larissa Waters,151.00
2026-07-10 06:42:08.695498,Anthony Albanese,1.91
2026-07-10 06:42:08.695498,Angus Taylor,5.00
2026-07-10 06:42:08.695498,Pauline Hanson,6.00
2026-07-10 06:42:08.695498,Jim Chalmers,8.00
2026-07-10 06:42:08.695498,Andrew Hastie,15.00
2026-07-10 06:42:08.695498,Barnaby Joyce,15.00
2026-07-10 06:42:08.695498,Jason Clare,34.00
2026-07-10 06:42:08.695498,Tanya Plibersek,34.00
2026-07-10 06:42:08.695498,Richard Marles,41.00
2026-07-10 06:42:08.695498,Josh Frydenberg,46.00
2026-07-10 06:42:08.695498,Lee Hanson,46.00
2026-07-10 06:42:08.695498,Andrew Charlon,51.00
2026-07-10 06:42:08.695498,Rebecca White,51.00
2026-07-10 06:42:08.695498,Anika Wells,67.00
2026-07-10 06:42:08.695498,Tony Burke,67.00
2026-07-10 06:42:08.695498,David Littleproud,81.00
2026-07-10 06:42:08.695498,Jacinta Price,81.00
2026-07-10 06:42:08.695498,Gladys Berejiklian,101.00
2026-07-10 06:42:08.695498,Larissa Waters,151.00
2026-07-11 06:42:11.434565,Anthony Albanese,1.91
2026-07-11 06:42:11.434565,Angus Taylor,5.00
2026-07-11 06:42:11.434565,Pauline Hanson,6.00
2026-07-11 06:42:11.434565,Jim Chalmers,8.00
2026-07-11 06:42:11.434565,Andrew Hastie,15.00
2026-07-11 06:42:11.434565,Barnaby Joyce,15.00
2026-07-11 06:42:11.434565,Jason Clare,34.00
2026-07-11 06:42:11.434565,Tanya Plibersek,34.00
2026-07-11 06:42:11.434565,Richard Marles,41.00
2026-07-11 06:42:11.434565,Josh Frydenberg,46.00
2026-07-11 06:42:11.434565,Lee Hanson,46.00
2026-07-11 06:42:11.434565,Andrew Charlon,51.00
2026-07-11 06:42:11.434565,Rebecca White,51.00
2026-07-11 06:42:11.434565,Anika Wells,67.00
2026-07-11 06:42:11.434565,Tony Burke,67.00
2026-07-11 06:42:11.434565,David Littleproud,81.00
2026-07-11 06:42:11.434565,Jacinta Price,81.00
2026-07-11 06:42:11.434565,Gladys Berejiklian,101.00
2026-07-11 06:42:11.434565,Larissa Waters,151.00
2026-07-12 06:42:07.414871,Anthony Albanese,1.91
2026-07-12 06:42:07.414871,Angus Taylor,5.00
2026-07-12 06:42:07.414871,Pauline Hanson,6.00
2026-07-12 06:42:07.414871,Jim Chalmers,8.00
2026-07-12 06:42:07.414871,Andrew Hastie,15.00
2026-07-12 06:42:07.414871,Barnaby Joyce,15.00
2026-07-12 06:42:07.414871,Jason Clare,34.00
2026-07-12 06:42:07.414871,Tanya Plibersek,34.00
2026-07-12 06:42:07.414871,Richard Marles,41.00
2026-07-12 06:42:07.414871,Josh Frydenberg,46.00
2026-07-12 06:42:07.414871,Lee Hanson,46.00
2026-07-12 06:42:07.414871,Andrew Charlon,51.00
2026-07-12 06:42:07.414871,Rebecca White,51.00
2026-07-12 06:42:07.414871,Anika Wells,67.00
2026-07-12 06:42:07.414871,Tony Burke,67.00
2026-07-12 06:42:07.414871,David Littleproud,81.00
2026-07-12 06:42:07.414871,Jacinta Price,81.00
2026-07-12 06:42:07.414871,Gladys Berejiklian,101.00
2026-07-12 06:42:07.414871,Larissa Waters,151.00
2026-07-13 06:42:10.163252,Anthony Albanese,1.91
2026-07-13 06:42:10.163252,Angus Taylor,5.00
2026-07-13 06:42:10.163252,Pauline Hanson,6.00
2026-07-13 06:42:10.163252,Jim Chalmers,8.00
2026-07-13 06:42:10.163252,Andrew Hastie,15.00
2026-07-13 06:42:10.163252,Barnaby Joyce,15.00
2026-07-13 06:42:10.163252,Jason Clare,34.00
2026-07-13 06:42:10.163252,Tanya Plibersek,34.00
2026-07-13 06:42:10.163252,Richard Marles,41.00
2026-07-13 06:42:10.163252,Josh Frydenberg,46.00
2026-07-13 06:42:10.163252,Lee Hanson,46.00
2026-07-13 06:42:10.163252,Andrew Charlon,51.00
2026-07-13 06:42:10.163252,Rebecca White,51.00
2026-07-13 06:42:10.163252,Anika Wells,67.00
2026-07-13 06:42:10.163252,Tony Burke,67.00
2026-07-13 06:42:10.163252,David Littleproud,81.00
2026-07-13 06:42:10.163252,Jacinta Price,81.00
2026-07-13 06:42:10.163252,Gladys Berejiklian,101.00
2026-07-13 06:42:10.163252,Larissa Waters,151.00
2026-07-14 06:42:06.928579,Anthony Albanese,1.91
2026-07-14 06:42:06.928579,Angus Taylor,5.00
2026-07-14 06:42:06.928579,Pauline Hanson,6.00
2026-07-14 06:42:06.928579,Jim Chalmers,8.00
2026-07-14 06:42:06.928579,Andrew Hastie,15.00
2026-07-14 06:42:06.928579,Barnaby Joyce,15.00
2026-07-14 06:42:06.928579,Jason Clare,34.00
2026-07-14 06:42:06.928579,Tanya Plibersek,34.00
2026-07-14 06:42:06.928579,Richard Marles,41.00
2026-07-14 06:42:06.928579,Josh Frydenberg,46.00
2026-07-14 06:42:06.928579,Lee Hanson,46.00
2026-07-14 06:42:06.928579,Andrew Charlon,51.00
2026-07-14 06:42:06.928579,Rebecca White,51.00
2026-07-14 06:42:06.928579,Anika Wells,67.00
2026-07-14 06:42:06.928579,Tony Burke,67.00
2026-07-14 06:42:06.928579,David Littleproud,81.00
2026-07-14 06:42:06.928579,Jacinta Price,81.00
2026-07-14 06:42:06.928579,Gladys Berejiklian,101.00
2026-07-14 06:42:06.928579,Larissa Waters,151.00
2026-07-15 06:42:08.396642,Anthony Albanese,1.91
2026-07-15 06:42:08.396642,Angus Taylor,5.00
2026-07-15 06:42:08.396642,Pauline Hanson,6.00
2026-07-15 06:42:08.396642,Jim Chalmers,8.00
2026-07-15 06:42:08.396642,Andrew Hastie,15.00
2026-07-15 06:42:08.396642,Barnaby Joyce,15.00
2026-07-15 06:42:08.396642,Jason Clare,34.00
2026-07-15 06:42:08.396642,Tanya Plibersek,34.00
2026-07-15 06:42:08.396642,Richard Marles,41.00
2026-07-15 06:42:08.396642,Josh Frydenberg,46.00
2026-07-15 06:42:08.396642,Lee Hanson,46.00
2026-07-15 06:42:08.396642,Andrew Charlon,51.00
2026-07-15 06:42:08.396642,Rebecca White,51.00
2026-07-15 06:42:08.396642,Anika Wells,67.00
2026-07-15 06:42:08.396642,Tony Burke,67.00
2026-07-15 06:42:08.396642,David Littleproud,81.00
2026-07-15 06:42:08.396642,Jacinta Price,81.00
2026-07-15 06:42:08.396642,Gladys Berejiklian,101.00
2026-07-15 06:42:08.396642,Larissa Waters,151.00
2026-07-16 06:42:08.702790,Anthony Albanese,1.91
2026-07-16 06:42:08.702790,Angus Taylor,5.00
2026-07-16 06:42:08.702790,Pauline Hanson,6.00
2026-07-16 06:42:08.702790,Jim Chalmers,8.00
2026-07-16 06:42:08.702790,Andrew Hastie,15.00
2026-07-16 06:42:08.702790,Barnaby Joyce,15.00
2026-07-16 06:42:08.702790,Jason Clare,34.00
2026-07-16 06:42:08.702790,Tanya Plibersek,34.00
2026-07-16 06:42:08.702790,Richard Marles,41.00
2026-07-16 06:42:08.702790,Josh Frydenberg,46.00
2026-07-16 06:42:08.702790,Lee Hanson,46.00
2026-07-16 06:42:08.702790,Andrew Charlon,51.00
2026-07-16 06:42:08.702790,Rebecca White,51.00
2026-07-16 06:42:08.702790,Anika Wells,67.00
2026-07-16 06:42:08.702790,Tony Burke,67.00
2026-07-16 06:42:08.702790,David Littleproud,81.00
2026-07-16 06:42:08.702790,Jacinta Price,81.00
2026-07-16 06:42:08.702790,Gladys Berejiklian,101.00
2026-07-16 06:42:08.702790,Larissa Waters,151.00
2026-07-17 06:42:08.828637,Anthony Albanese,1.91
2026-07-17 06:42:08.828637,Angus Taylor,5.00
2026-07-17 06:42:08.828637,Pauline Hanson,6.00
2026-07-17 06:42:08.828637,Jim Chalmers,8.00
2026-07-17 06:42:08.828637,Andrew Hastie,15.00
2026-07-17 06:42:08.828637,Barnaby Joyce,15.00
2026-07-17 06:42:08.828637,Jason Clare,34.00
2026-07-17 06:42:08.828637,Tanya Plibersek,34.00
2026-07-17 06:42:08.828637,Richard Marles,41.00
2026-07-17 06:42:08.828637,Josh Frydenberg,46.00
2026-07-17 06:42:08.828637,Lee Hanson,46.00
2026-07-17 06:42:08.828637,Andrew Charlon,51.00
2026-07-17 06:42:08.828637,Rebecca White,51.00
2026-07-17 06:42:08.828637,Anika Wells,67.00
2026-07-17 06:42:08.828637,Tony Burke,67.00
2026-07-17 06:42:08.828637,David Littleproud,81.00
2026-07-17 06:42:08.828637,Jacinta Price,81.00
2026-07-17 06:42:08.828637,Gladys Berejiklian,101.00
2026-07-17 06:42:08.828637,Larissa Waters,151.00
2026-07-18 06:42:07.741292,Anthony Albanese,1.91
2026-07-18 06:42:07.741292,Angus Taylor,5.00
2026-07-18 06:42:07.741292,Pauline Hanson,6.00
2026-07-18 06:42:07.741292,Jim Chalmers,8.00
2026-07-18 06:42:07.741292,Andrew Hastie,15.00
2026-07-18 06:42:07.741292,Barnaby Joyce,15.00
2026-07-18 06:42:07.741292,Jason Clare,34.00
2026-07-18 06:42:07.741292,Tanya Plibersek,34.00
2026-07-18 06:42:07.741292,Richard Marles,41.00
2026-07-18 06:42:07.741292,Josh Frydenberg,46.00
2026-07-18 06:42:07.741292,Lee Hanson,46.00
2026-07-18 06:42:07.741292,Andrew Charlon,51.00
2026-07-18 06:42:07.741292,Rebecca White,51.00
2026-07-18 06:42:07.741292,Anika Wells,67.00
2026-07-18 06:42:07.741292,Tony Burke,67.00
2026-07-18 06:42:07.741292,David Littleproud,81.00
2026-07-18 06:42:07.741292,Jacinta Price,81.00
2026-07-18 06:42:07.741292,Gladys Berejiklian,101.00
2026-07-18 06:42:07.741292,Larissa Waters,151.00
2026-07-19 06:42:11.267457,Anthony Albanese,1.91
2026-07-19 06:42:11.267457,Angus Taylor,5.00
2026-07-19 06:42:11.267457,Pauline Hanson,6.00
2026-07-19 06:42:11.267457,Jim Chalmers,8.00
2026-07-19 06:42:11.267457,Andrew Hastie,15.00
2026-07-19 06:42:11.267457,Barnaby Joyce,15.00
2026-07-19 06:42:11.267457,Jason Clare,34.00
2026-07-19 06:42:11.267457,Tanya Plibersek,34.00
2026-07-19 06:42:11.267457,Richard Marles,41.00
2026-07-19 06:42:11.267457,Josh Frydenberg,46.00
2026-07-19 06:42:11.267457,Lee Hanson,46.00
2026-07-19 06:42:11.267457,Andrew Charlon,51.00
2026-07-19 06:42:11.267457,Rebecca White,51.00
2026-07-19 06:42:11.267457,Anika Wells,67.00
2026-07-19 06:42:11.267457,Tony Burke,67.00
2026-07-19 06:42:11.267457,David Littleproud,81.00
2026-07-19 06:42:11.267457,Jacinta Price,81.00
2026-07-19 06:42:11.267457,Gladys Berejiklian,101.00
2026-07-19 06:42:11.267457,Larissa Waters,151.00
2026-07-20 06:42:09.305611,Anthony Albanese,1.91
2026-07-20 06:42:09.305611,Angus Taylor,5.00
2026-07-20 06:42:09.305611,Pauline Hanson,6.00
2026-07-20 06:42:09.305611,Jim Chalmers,8.00
2026-07-20 06:42:09.305611,Andrew Hastie,15.00
2026-07-20 06:42:09.305611,Barnaby Joyce,15.00
2026-07-20 06:42:09.305611,Jason Clare,34.00
2026-07-20 06:42:09.305611,Tanya Plibersek,34.00
2026-07-20 06:42:09.305611,Richard Marles,41.00
2026-07-20 06:42:09.305611,Josh Frydenberg,46.00
2026-07-20 06:42:09.305611,Lee Hanson,46.00
2026-07-20 06:42:09.305611,Andrew Charlon,51.00
2026-07-20 06:42:09.305611,Rebecca White,51.00
2026-07-20 06:42:09.305611,Anika Wells,67.00
2026-07-20 06:42:09.305611,Tony Burke,67.00
2026-07-20 06:42:09.305611,David Littleproud,81.00
2026-07-20 06:42:09.305611,Jacinta Price,81.00
2026-07-20 06:42:09.305611,Gladys Berejiklian,101.00
2026-07-20 06:42:09.305611,Larissa Waters,151.00
2026-07-21 06:42:07.899789,Anthony Albanese,1.91
2026-07-21 06:42:07.899789,Angus Taylor,5.00
2026-07-21 06:42:07.899789,Pauline Hanson,6.00
2026-07-21 06:42:07.899789,Jim Chalmers,8.00
2026-07-21 06:42:07.899789,Andrew Hastie,15.00
2026-07-21 06:42:07.899789,Barnaby Joyce,15.00
2026-07-21 06:42:07.899789,Jason Clare,34.00
2026-07-21 06:42:07.899789,Tanya Plibersek,34.00
2026-07-21 06:42:07.899789,Richard Marles,41.00
2026-07-21 06:42:07.899789,Josh Frydenberg,46.00
2026-07-21 06:42:07.899789,Lee Hanson,46.00
2026-07-21 06:42:07.899789,Andrew Charlon,51.00
2026-07-21 06:42:07.899789,Rebecca White,51.00
2026-07-21 06:42:07.899789,Anika Wells,67.00
2026-07-21 06:42:07.899789,Tony Burke,67.00
2026-07-21 06:42:07.899789,David Littleproud,81.00
2026-07-21 06:42:07.899789,Jacinta Price,81.00
2026-07-21 06:42:07.899789,Gladys Berejiklian,101.00
2026-07-21 06:42:07.899789,Larissa Waters,151.00
2026-07-22 06:42:10.594836,Anthony Albanese,1.91
2026-07-22 06:42:10.594836,Angus Taylor,5.00
2026-07-22 06:42:10.594836,Pauline Hanson,6.00
2026-07-22 06:42:10.594836,Jim Chalmers,8.00
2026-07-22 06:42:10.594836,Andrew Hastie,15.00
2026-07-22 06:42:10.594836,Barnaby Joyce,15.00
2026-07-22 06:42:10.594836,Jason Clare,34.00
2026-07-22 06:42:10.594836,Tanya Plibersek,34.00
2026-07-22 06:42:10.594836,Richard Marles,41.00
2026-07-22 06:42:10.594836,Josh Frydenberg,46.00
2026-07-22 06:42:10.594836,Lee Hanson,46.00
2026-07-22 06:42:10.594836,Andrew Charlon,51.00
2026-07-22 06:42:10.594836,Rebecca White,51.00
2026-07-22 06:42:10.594836,Anika Wells,67.00
2026-07-22 06:42:10.594836,Tony Burke,67.00
2026-07-22 06:42:10.594836,David Littleproud,81.00
2026-07-22 06:42:10.594836,Jacinta Price,81.00
2026-07-22 06:42:10.594836,Gladys Berejiklian,101.00
2026-07-22 06:42:10.594836,Larissa Waters,151.00
2026-07-23 06:42:06.590843,Anthony Albanese,1.91
2026-07-23 06:42:06.590843,Angus Taylor,5.00
2026-07-23 06:42:06.590843,Pauline Hanson,6.00
2026-07-23 06:42:06.590843,Jim Chalmers,8.00
2026-07-23 06:42:06.590843,Andrew Hastie,15.00
2026-07-23 06:42:06.590843,Barnaby Joyce,15.00
2026-07-23 06:42:06.590843,Jason Clare,34.00
2026-07-23 06:42:06.590843,Tanya Plibersek,34.00
2026-07-23 06:42:06.590843,Richard Marles,41.00
2026-07-23 06:42:06.590843,Josh Frydenberg,46.00
2026-07-23 06:42:06.590843,Lee Hanson,46.00
2026-07-23 06:42:06.590843,Andrew Charlon,51.00
2026-07-23 06:42:06.590843,Rebecca White,51.00
2026-07-23 06:42:06.590843,Anika Wells,67.00
2026-07-23 06:42:06.590843,Tony Burke,67.00
2026-07-23 06:42:06.590843,David Littleproud,81.00
2026-07-23 06:42:06.590843,Jacinta Price,81.00
2026-07-23 06:42:06.590843,Gladys Berejiklian,101.00
2026-07-23 06:42:06.590843,Larissa Waters,151.00
2026-07-24 06:42:08.433603,Anthony Albanese,1.91
2026-07-24 06:42:08.433603,Angus Taylor,5.00
2026-07-24 06:42:08.433603,Pauline Hanson,6.00
2026-07-24 06:42:08.433603,Jim Chalmers,8.00
2026-07-24 06:42:08.433603,Andrew Hastie,15.00
2026-07-24 06:42:08.433603,Barnaby Joyce,15.00
2026-07-24 06:42:08.433603,Jason Clare,34.00
2026-07-24 06:42:08.433603,Tanya Plibersek,34.00
2026-07-24 06:42:08.433603,Richard Marles,41.00
2026-07-24 06:42:08.433603,Josh Frydenberg,46.00
2026-07-24 06:42:08.433603,Lee Hanson,46.00
2026-07-24 06:42:08.433603,Andrew Charlon,51.00
2026-07-24 06:42:08.433603,Rebecca White,51.00
2026-07-24 06:42:08.433603,Anika Wells,67.00
2026-07-24 06:42:08.433603,Tony Burke,67.00
2026-07-24 06:42:08.433603,David Littleproud,81.00
2026-07-24 06:42:08.433603,Jacinta Price,81.00
2026-07-24 06:42:08.433603,Gladys Berejiklian,101.00
2026-07-24 06:42:08.433603,Larissa Waters,151.00
2026-07-25 06:42:10.227271,Anthony Albanese,1.91
2026-07-25 06:42:10.227271,Angus Taylor,5.00
2026-07-25 06:42:10.227271,Pauline Hanson,6.00
2026-07-25 06:42:10.227271,Jim Chalmers,8.00
2026-07-25 06:42:10.227271,Andrew Hastie,15.00
2026-07-25 06:42:10.227271,Barnaby Joyce,15.00
2026-07-25 06:42:10.227271,Jason Clare,34.00
2026-07-25 06:42:10.227271,Tanya Plibersek,34.00
2026-07-25 06:42:10.227271,Richard Marles,41.00
2026-07-25 06:42:10.227271,Josh Frydenberg,46.00
2026-07-25 06:42:10.227271,Lee Hanson,46.00
2026-07-25 06:42:10.227271,Andrew Charlon,51.00
2026-07-25 06:42:10.227271,Rebecca White,51.00
2026-07-25 06:42:10.227271,Anika Wells,67.00
2026-07-25 06:42:10.227271,Tony Burke,67.00
2026-07-25 06:42:10.227271,David Littleproud,81.00
2026-07-25 06:42:10.227271,Jacinta Price,81.00
2026-07-25 06:42:10.227271,Gladys Berejiklian,101.00
2026-07-25 06:42:10.227271,Larissa Waters,151.00
2026-07-26 06:42:06.891684,Anthony Albanese,1.91
2026-07-26 06:42:06.891684,Angus Taylor,5.00
2026-07-26 06:42:06.891684,Pauline Hanson,6.00
2026-07-26 06:42:06.891684,Jim Chalmers,8.00
2026-07-26 06:42:06.891684,Andrew Hastie,15.00
2026-07-26 06:42:06.891684,Barnaby Joyce,15.00
2026-07-26 06:42:06.891684,Jason Clare,34.00
2026-07-26 06:42:06.891684,Tanya Plibersek,34.00
2026-07-26 06:42:06.891684,Richard Marles,41.00
2026-07-26 06:42:06.891684,Josh Frydenberg,46.00
2026-07-26 06:42:06.891684,Lee Hanson,46.00
2026-07-26 06:42:06.891684,Andrew Charlon,51.00
2026-07-26 06:42:06.891684,Rebecca White,51.00
2026-07-26 06:42:06.891684,Anika Wells,67.00
2026-07-26 06:42:06.891684,Tony Burke,67.00
2026-07-26 06:42:06.891684,David Littleproud,81.00
2026-07-26 06:42:06.891684,Jacinta Price,81.00
2026-07-26 06:42:06.891684,Gladys Berejiklian,101.00
2026-07-26 06:42:06.891684,Larissa Waters,151.00
2026-07-27 06:42:06.592027,Anthony Albanese,1.91
2026-07-27 06:42:06.592027,Angus Taylor,5.00
2026-07-27 06:42:06.592027,Pauline Hanson,6.00
2026-07-27 06:42:06.592027,Jim Chalmers,8.00
2026-07-27 06:42:06.592027,Andrew Hastie,15.00
2026-07-27 06:42:06.592027,Barnaby Joyce,15.00
2026-07-27 06:42:06.592027,Jason Clare,34.00
2026-07-27 06:42:06.592027,Tanya Plibersek,34.00
2026-07-27 06:42:06.592027,Richard Marles,41.00
2026-07-27 06:42:06.592027,Josh Frydenberg,46.00
2026-07-27 06:42:06.592027,Lee Hanson,46.00
2026-07-27 06:42:06.592027,Andrew Charlon,51.00
2026-07-27 06:42:06.592027,Rebecca White,51.00
2026-07-27 06:42:06.592027,Anika Wells,67.00
2026-07-27 06:42:06.592027,Tony Burke,67.00
2026-07-27 06:42:06.592027,David Littleproud,81.00
2026-07-27 06:42:06.592027,Jacinta Price,81.00
2026-07-27 06:42:06.592027,Gladys Berejiklian,101.00
2026-07-27 06:42:06.592027,Larissa Waters,151.00
2026-07-28 06:42:06.355953,Anthony Albanese,1.91
2026-07-28 06:42:06.355953,Angus Taylor,5.00
2026-07-28 06:42:06.355953,Pauline Hanson,6.00
2026-07-28 06:42:06.355953,Jim Chalmers,8.00
2026-07-28 06:42:06.355953,Andrew Hastie,15.00
2026-07-28 06:42:06.355953,Barnaby Joyce,15.00
2026-07-28 06:42:06.355953,Jason Clare,34.00
2026-07-28 06:42:06.355953,Tanya Plibersek,34.00
2026-07-28 06:42:06.355953,Richard Marles,41.00
2026-07-28 06:42:06.355953,Josh Frydenberg,46.00
2026-07-28 06:42:06.355953,Lee Hanson,46.00
2026-07-28 06:42:06.355953,Andrew Charlon,51.00
2026-07-28 06:42:06.355953,Rebecca White,51.00
2026-07-28 06:42:06.355953,Anika Wells,67.00
2026-07-28 06:42:06.355953,Tony Burke,67.00
2026-07-28 06:42:06.355953,David Littleproud,81.00
2026-07-28 06:42:06.355953,Jacinta Price,81.00
2026-07-28 06:42:06.355953,Gladys Berejiklian,101.00
2026-07-28 06:42:06.355953,Larissa Waters,151.00
2026-07-29 06:42:07.627048,Anthony Albanese,1.91
2026-07-29 06:42:07.627048,Angus Taylor,5.00
2026-07-29 06:42:07.627048,Pauline Hanson,6.00
2026-07-29 06:42:07.627048,Jim Chalmers,8.00
2026-07-29 06:42:07.627048,Andrew Hastie,15.00
2026-07-29 06:42:07.627048,Barnaby Joyce,15.00
2026-07-29 06:42:07.627048,Jason Clare,34.00
2026-07-29 06:42:07.627048,Tanya Plibersek,34.00
2026-07-29 06:42:07.627048,Richard Marles,41.00
2026-07-29 06:42:07.627048,Josh Frydenberg,46.00
2026-07-29 06:42:07.627048,Lee Hanson,46.00
2026-07-29 06:42:07.627048,Andrew Charlon,51.00
2026-07-29 06:42:07.627048,Rebecca White,51.00
2026-07-29 06:42:07.627048,Anika Wells,67.00
2026-07-29 06:42:07.627048,Tony Burke,67.00
2026-07-29 06:42:07.627048,David Littleproud,81.00
2026-07-29 06:42:07.627048,Jacinta Price,81.00
2026-07-29 06:42:07.627048,Gladys Berejiklian,101.00
2026-07-29 06:42:07.627048,Larissa Waters,151.00
2026-07-30 06:42:07.832881,Anthony Albanese,1.91
2026-07-30 06:42:07.832881,Pauline Hanson,4.33
2026-07-30 06:42:07.832881,Angus Taylor,5.00
2026-07-30 06:42:07.832881,Jim Chalmers,8.00
2026-07-30 06:42:07.832881,Andrew Hastie,15.00
2026-07-30 06:42:07.832881,Barnaby Joyce,15.00
2026-07-30 06:42:07.832881,Jason Clare,34.00
2026-07-30 06:42:07.832881,Tanya Plibersek,34.00
2026-07-30 06:42:07.832881,Richard Marles,41.00
2026-07-30 06:42:07.832881,Josh Frydenberg,46.00
2026-07-30 06:42:07.832881,Lee Hanson,46.00
2026-07-30 06:42:07.832881,Andrew Charlon,51.00
2026-07-30 06:42:07.832881,Rebecca White,51.00
2026-07-30 06:42:07.832881,Anika Wells,67.00
2026-07-30 06:42:07.832881,Tony Burke,67.00
2026-07-30 06:42:07.832881,David Littleproud,81.00
2026-07-30 06:42:07.832881,Jacinta Price,81.00
2026-07-30 06:42:07.832881,Gladys Berejiklian,101.00
2026-07-30 06:42:07.832881,Larissa Waters,151.00
2026-07-31 06:42:06.785481,Anthony Albanese,1.91
2026-07-31 06:42:06.785481,Pauline Hanson,4.33
2026-07-31 06:42:06.785481,Angus Taylor,5.00
2026-07-31 06:42:06.785481,Jim Chalmers,8.00
2026-07-31 06:42:06.785481,Andrew Hastie,15.00
2026-07-31 06:42:06.785481,Barnaby Joyce,15.00
2026-07-31 06:42:06.785481,Jason Clare,34.00
2026-07-31 06:42:06.785481,Tanya Plibersek,34.00
2026-07-31 06:42:06.785481,Richard Marles,41.00
2026-07-31 06:42:06.785481,Josh Frydenberg,46.00
2026-07-31 06:42:06.785481,Lee Hanson,46.00
2026-07-31 06:42:06.785481,Andrew Charlon,51.00
2026-07-31 06:42:06.785481,Rebecca White,51.00
2026-07-31 06:42:06.785481,Anika Wells,67.00
2026-07-31 06:42:06.785481,Tony Burke,67.00
2026-07-31 06:42:06.785481,David Littleproud,81.00
2026-07-31 06:42:06.785481,Jacinta Price,81.00
2026-07-31 06:42:06.785481,Gladys Berejiklian,101.00
2026-07-31 06:42:06.785481,Larissa Waters,151.00
2026-08-01 06:42:06.905827,Anthony Albanese,1.91
2026-08-01 06:42:06.905827,Pauline Hanson,4.33
2026-08-01 06:42:06.905827,Angus Taylor,5.00
2026-08-01 06:42:06.905827,Jim Chalmers,8.00
2026-08-01 06:42:06.905827,Andrew Hastie,15.00
2026-08-01 06:42:06.905827,Barnaby Joyce,15.00
2026-08-01 06:42:06.905827,Jason Clare,34.00
2026-08-01 06:42:06.905827,Tanya Plibersek,34.00
2026-08-01 06:42:06.905827,Richard Marles,41.00
2026-08-01 06:42:06.905827,Josh Frydenberg,46.00
2026-08-01 06:42:06.905827,Lee Hanson,46.00
2026-08-01 06:42:06.905827,Andrew Charlon,51.00
2026-08-01 06:42:06.905827,Rebecca White,51.00
2026-08-01 06:42:06.905827,Anika Wells,67.00
2026-08-01 06:42:06.905827,Tony Burke,67.00
2026-08-01 06:42:06.905827,David Littleproud,81.00
2026-08-01 06:42:06.905827,Jacinta Price,81.00
2026-08-01 06:42:06.905827,Gladys Berejiklian,101.00
2026-08-01 06:42:06.905827,Larissa Waters,151.00
2026-08-02 06:42:07.371170,Anthony Albanese,1.91
2026-08-02 06:42:07.371170,Pauline Hanson,4.33
2026-08-02 06:42:07.371170,Angus Taylor,5.00
2026-08-02 06:42:07.371170,Jim Chalmers,8.00
2026-08-02 06:42:07.371170,Andrew Hastie,15.00
2026-08-02 06:42:07.371170,Barnaby Joyce,15.00
2026-08-02 06:42:07.371170,Jason Clare,34.00
2026-08-02 06:42:07.371170,Tanya Plibersek,34.00
2026-08-02 06:42:07.371170,Richard Marles,41.00
2026-08-02 06:42:07.371170,Josh Frydenberg,46.00
2026-08-02 06:42:07.371170,Lee Hanson,46.00
2026-08-02 06:42:07.371170,Andrew Charlon,51.00
2026-08-02 06:42:07.371170,Rebecca White,51.00
2026-08-02 06:42:07.371170,Anika Wells,67.00
2026-08-02 06:42:07.371170,Tony Burke,67.00
2026-08-02 06:42:07.371170,David Littleproud,81.00
2026-08-02 06:42:07.371170,Jacinta Price,81.00
2026-08-02 06:42:07.371170,Gladys Berejiklian,101.00
2026-08-02 06:42:07.371170,Larissa Waters,151.00
2026-08-03 06:42:10.740710,Anthony Albanese,1.91
2026-08-03 06:42:10.740710,Pauline Hanson,4.33
2026-08-03 06:42:10.740710,Angus Taylor,5.00
2026-08-03 06:42:10.740710,Jim Chalmers,8.00
2026-08-03 06:42:10.740710,Andrew Hastie,15.00
2026-08-03 06:42:10.740710,Barnaby Joyce,15.00
2026-08-03 06:42:10.740710,Jason Clare,34.00
2026-08-03 06:42:10.740710,Tanya Plibersek,34.00
2026-08-03 06:42:10.740710,Richard Marles,41.00
2026-08-03 06:42:10.740710,Josh Frydenberg,46.00
2026-08-03 06:42:10.740710,Lee Hanson,46.00
2026-08-03 06:42:10.740710,Andrew Charlon,51.00
2026-08-03 06:42:10.740710,Rebecca White,51.00
2026-08-03 06:42:10.740710,Anika Wells,67.00
2026-08-03 06:42:10.740710,Tony Burke,67.00
2026-08-03 06:42:10.740710,David Littleproud,81.00
2026-08-03 06:42:10.740710,Jacinta Price,81.00
2026-08-03 06:42:10.740710,Gladys Berejiklian,101.00
2026-08-03 06:42:10.740710,Larissa Waters,151.00
2026-08-04 06:42:08.897827,Anthony Albanese,1.91
2026-08-04 06:42:08.897827,Pauline Hanson,4.33
2026-08-04 06:42:08.897827,Angus Taylor,5.00
2026-08-04 06:42:08.897827,Jim Chalmers,8.00
2026-08-04 06:42:08.897827,Andrew Hastie,15.00
2026-08-04 06:42:08.897827,Barnaby Joyce,15.00
2026-08-04 06:42:08.897827,Jason Clare,34.00
2026-08-04 06:42:08.897827,Tanya Plibersek,34.00
2026-08-04 06:42:08.897827,Richard Marles,41.00
2026-08-04 06:42:08.897827,Josh Frydenberg,46.00
2026-08-04 06:42:08.897827,Lee Hanson,46.00
2026-08-04 06:42:08.897827,Andrew Charlon,51.00
2026-08-04 06:42:08.897827,Rebecca White,51.00
2026-08-04 06:42:08.897827,Anika Wells,67.00
2026-08-04 06:42:08.897827,Tony Burke,67.00
2026-08-04 06:42:08.897827,David Littleproud,81.00
2026-08-04 06:42:08.897827,Jacinta Price,81.00
2026-08-04 06:42:08.897827,Gladys Berejiklian,101.00
2026-08-04 06:42:08.897827,Larissa Waters,151.00
2026-08-05 06:42:10.305005,Anthony Albanese,1.91
2026-08-05 06:42:10.305005,Pauline Hanson,4.33
2026-08-05 06:42:10.305005,Angus Taylor,5.00
2026-08-05 06:42:10.305005,Jim Chalmers,8.00
2026-08-05 06:42:10.305005,Andrew Hastie,15.00
2026-08-05 06:42:10.305005,Barnaby Joyce,15.00
2026-08-05 06:42:10.305005,Jason Clare,34.00
2026-08-05 06:42:10.305005,Tanya Plibersek,34.00
2026-08-05 06:42:10.305005,Richard Marles,41.00
2026-08-05 06:42:10.305005,Josh Frydenberg,46.00
2026-08-05 06:42:10.305005,Lee Hanson,46.00
2026-08-05 06:42:10.305005,Andrew Charlon,51.00
2026-08-05 06:42:10.305005,Rebecca White,51.00
2026-08-05 06:42:10.305005,Anika Wells,67.00
2026-08-05 06:42:10.305005,Tony Burke,67.00
2026-08-05 06:42:10.305005,David Littleproud,81.00
2026-08-05 06:42:10.305005,Jacinta Price,81.00
2026-08-05 06:42:10.305005,Gladys Berejiklian,101.00
2026-08-05 06:42:10.305005,Larissa Waters,151.00
2026-08-06 06:42:08.073813,Anthony Albanese,1.91
2026-08-06 06:42:08.073813,Pauline Hanson,4.33
2026-08-06 06:42:08.073813,Angus Taylor,5.00
2026-08-06 06:42:08.073813,Jim Chalmers,8.00
2026-08-06 06:42:08.073813,Andrew Hastie,15.00
2026-08-06 06:42:08.073813,Barnaby Joyce,15.00
2026-08-06 06:42:08.073813,Jason Clare,34.00
2026-08-06 06:42:08.073813,Tanya Plibersek,34.00
2026-08-06 06:42:08.073813,Richard Marles,41.00
2026-08-06 06:42:08.073813,Josh Frydenberg,46.00
2026-08-06 06:42:08.073813,Lee Hanson,46.00
2026-08-06 06:42:08.073813,Andrew Charlon,51.00
2026-08-06 06:42:08.073813,Rebecca White,51.00
2026-08-06 06:42:08.073813,Anika Wells,67.00
2026-08-06 06:42:08.073813,Tony Burke,67.00
2026-08-06 06:42:08.073813,David Littleproud,81.00
2026-08-06 06:42:08.073813,Jacinta Price,81.00
2026-08-06 06:42:08.073813,Gladys Berejiklian,101.00
2026-08-06 06:42:08.073813,Larissa Waters,151.00
2026-08-07 06:42:07.817793,Anthony Albanese,1.91
2026-08-07 06:42:07.817793,Pauline Hanson,4.33
2026-08-07 06:42:07.817793,Angus Taylor,5.00
2026-08-07 06:42:07.817793,Jim Chalmers,8.00
2026-08-07 06:42:07.817793,Andrew Hastie,15.00
2026-08-07 06:42:07.817793,Barnaby Joyce,15.00
2026-08-07 06:42:07.817793,Jason Clare,34.00
2026-08-07 06:42:07.817793,Tanya Plibersek,34.00
2026-08-07 06:42:07.817793,Richard Marles,41.00
2026-08-07 06:42:07.817793,Josh Frydenberg,46.00
2026-08-07 06:42:07.817793,Lee Hanson,46.00
2026-08-07 06:42:07.817793,Andrew Charlon,51.00
2026-08-07 06:42:07.817793,Rebecca White,51.00
2026-08-07 06:42:07.817793,Anika Wells,67.00
2026-08-07 06:42:07.817793,Tony Burke,67.00
2026-08-07 06:42:07.817793,David Littleproud,81.00
2026-08-07 06:42:07.817793,Jacinta Price,81.00
2026-08-07 06:42:07.817793,Gladys Berejiklian,101.00
2026-08-07 06:42:07.817793,Larissa Waters,151.00
2026-08-08 06:42:08.141845,Anthony Albanese,1.91
2026-08-08 06:42:08.141845,Pauline Hanson,4.33
2026-08-08 06:42:08.141845,Angus Taylor,5.00
2026-08-08 06:42:08.141845,Jim Chalmers,8.00
2026-08-08 06:42:08.141845,Andrew Hastie,15.00
2026-08-08 06:42:08.141845,Barnaby Joyce,15.00
2026-08-08 06:42:08.141845,Jason Clare,34.00
2026-08-08 06:42:08.141845,Tanya Plibersek,34.00
2026-08-08 06:42:08.141845,Richard Marles,41.00
2026-08-08 06:42:08.141845,Josh Frydenberg,46.00
2026-08-08 06:42:08.141845,Lee Hanson,46.00
2026-08-08 06:42:08.141845,Andrew Charlon,51.00
2026-08-08 06:42:08.141845,Rebecca White,51.00
2026-08-08 06:42:08.141845,Anika Wells,67.00
2026-08-08 06:42:08.141845,Tony Burke,67.00
2026-08-08 06:42:08.141845,David Littleproud,81.00
2026-08-08 06:42:08.141845,Jacinta Price,81.00
2026-08-08 06:42:08.141845,Gladys Berejiklian,101.00
2026-08-08 06:42:08.141845,Larissa Waters,151.00
2026-08-09 06:42:11.052262,Anthony Albanese,1.91
2026-08-09 06:42:11.052262,Pauline Hanson,4.33
2026-08-09 06:42:11.052262,Angus Taylor,5.00
2026-08-09 06:42:11.052262,Jim Chalmers,8.00
2026-08-09 06:42:11.052262,Andrew Hastie,15.00
2026-08-09 06:42:11.052262,Barnaby Joyce,15.00
2026-08-09 06:42:11.052262,Jason Clare,34.00
2026-08-09 06:42:11.052262,Tanya Plibersek,34.00
2026-08-09 06:42:11.052262,Richard Marles,41.00
2026-08-09 06:42:11.052262,Josh Frydenberg,46.00
2026-08-09 06:42:11.052262,Lee Hanson,46.00
2026-08-09 06:42:11.052262,Andrew Charlon,51.00
2026-08-09 06:42:11.052262,Rebecca White,51.00
2026-08-09 06:42:11.052262,Anika Wells,67.00
2026-08-09 06:42:11.052262,Tony Burke,67.00
2026-08-09 06:42:11.052262,David Littleproud,81.00
2026-08-09 06:42:11.052262,Jacinta Price,81.00
2026-08-09 06:42:11.052262,Gladys Berejiklian,101.00
2026-08-09 06:42:11.052262,Larissa Waters,151.00
2026-08-10 06:42:09.877080,Anthony Albanese,1.91
2026-08-10 06:42:09.877080,Pauline Hanson,4.33
2026-08-10 06:42:09.877080,Angus Taylor,5.00
2026-08-10 06:42:09.877080,Jim Chalmers,8.00
2026-08-10 06:42:09.877080,Andrew Hastie,15.00
2026-08-10 06:42:09.877080,Barnaby Joyce,15.00
2026-08-10 06:42:09.877080,Jason Clare,34.00
2026-08-10 06:42:09.877080,Tanya Plibersek,34.00
2026-08-10 06:42:09.877080,Richard Marles,41.00
2026-08-10 06:42:09.877080,Josh Frydenberg,46.00
2026-08-10 06:42:09.877080,Lee Hanson,46.00
2026-08-10 06:42:09.877080,Andrew Charlon,51.00
2026-08-10 06:42:09.877080,Rebecca White,51.00
2026-08-10 06:42:09.877080,Anika Wells,67.00
2026-08-10 06:42:09.877080,Tony Burke,67.00
2026-08-10 06:42:09.877080,David Littleproud,81.00
2026-08-10 06:42:09.877080,Jacinta Price,81.00
2026-08-10 06:42:09.877080,Gladys Berejiklian,101.00
2026-08-10 06:42:09.877080,Larissa Waters,151.00
2026-08-11 06:42:07.095253,Anthony Albanese,1.91
2026-08-11 06:42:07.095253,Pauline Hanson,4.33
2026-08-11 06:42:07.095253,Angus Taylor,5.00
2026-08-11 06:42:07.095253,Jim Chalmers,8.00
2026-08-11 06:42:07.095253,Andrew Hastie,15.00
2026-08-11 06:42:07.095253,Barnaby Joyce,15.00
2026-08-11 06:42:07.095253,Jason Clare,34.00
2026-08-11 06:42:07.095253,Tanya Plibersek,34.00
2026-08-11 06:42:07.095253,Richard Marles,41.00
2026-08-11 06:42:07.095253,Josh Frydenberg,46.00
2026-08-11 06:42:07.095253,Lee Hanson,46.00
2026-08-11 06:42:07.095253,Andrew Charlon,51.00
2026-08-11 06:42:07.095253,Rebecca White,51.00
2026-08-11 06:42:07.095253,Anika Wells,67.00
2026-08-11 06:42:07.095253,Tony Burke,67.00
2026-08-11 06:42:07.095253,David Littleproud,81.00
2026-08-11 06:42:07.095253,Jacinta Price,81.00
2026-08-11 06:42:07.095253,Gladys Berejiklian,101.00
2026-08-11 06:42:07.095253,Larissa Waters,151.00
2026-08-12 06:42:06.591208,Anthony Albanese,1.91
2026-08-12 06:42:06.591208,Pauline Hanson,4.33
2026-08-12 06:42:06.591208,Angus Taylor,5.00
2026-08-12 06:42:06.591208,Jim Chalmers,8.00
2026-08-12 06:42:06.591208,Andrew Hastie,15.00
2026-08-12 06:42:06.591208,Barnaby Joyce,15.00
2026-08-12 06:42:06.591208,Jason Clare,34.00
2026-08-12 06:42:06.591208,Tanya Plibersek,34.00
2026-08-12 06:42:06.591208,Richard Marles,41.00
2026-08-12 06:42:06.591208,Josh Frydenberg,46.00
2026-08-12 06:42:06.591208,Lee Hanson,46.00
2026-08-12 06:42:06.591208,Andrew Charlon,51.00
2026-08-12 06:42:06.591208,Rebecca White,51.00
2026-08-12 06:42:06.591208,Anika Wells,67.00
2026-08-12 06:42:06.591208,Tony Burke,67.00
2026-08-12 06:42:06.591208,David Littleproud,81.00
2026-08-12 06:42:06.591208,Jacinta Price,81.00
2026-08-12 06:42:06.591208,Gladys Berejiklian,101.00
2026-08-12 06:42:06.591208,Larissa Waters,151.00
2026-08-13 06:42:08.430503,Anthony Albanese,1.91
2026-08-13 06:42:08.430503,Pauline Hanson,4.33
2026-08-13 06:42:08.430503,Angus Taylor,5.00
2026-08-13 06:42:08.430503,Jim Chalmers,8.00
2026-08-13 06:42:08.430503,Andrew Hastie,15.00
2026-08-13 06:42:08.430503,Barnaby Joyce,15.00
2026-08-13 06:42:08.430503,Jason Clare,34.00
2026-08-13 06:42:08.430503,Tanya Plibersek,34.00
2026-08-13 06:42:08.430503,Richard Marles,41.00
2026-08-13 06:42:08.430503,Josh Frydenberg,46.00
2026-08-13 06:42:08.430503,Lee Hanson,46.00
2026-08-13 06:42:08.430503,Andrew Charlon,51.00
2026-08-13 06:42:08.430503,Rebecca White,51.00
2026-08-13 06:42:08.430503,Anika Wells,67.00
2026-08-13 06:42:08.430503,Tony Burke,67.00
2026-08-13 06:42:08.430503,David Littleproud,81.00
2026-08-13 06:42:08.430503,Jacinta Price,81.00
2026-08-13 06:42:08.430503,Gladys Berejiklian,101.00
2026-08-13 06:42:08.430503,Larissa Waters,151.00
2026-08-14 06:42:12.098938,Anthony Albanese,1.91
2026-08-14 06:42:12.098938,Pauline Hanson,4.33
2026-08-14 06:42:12.098938,Angus Taylor,5.00
2026-08-14 06:42:12.098938,Jim Chalmers,8.00
2026-08-14 06:42:12.098938,Andrew Hastie,15.00
2026-08-14 06:42:12.098938,Barnaby Joyce,15.00
2026-08-14 06:42:12.098938,Jason Clare,34.00
2026-08-14 06:42:12.098938,Tanya Plibersek,34.00
2026-08-14 06:42:12.098938,Richard Marles,41.00
2026-08-14 06:42:12.098938,Josh Frydenberg,46.00
2026-08-14 06:42:12.098938,Lee Hanson,46.00
2026-08-14 06:42:12.098938,Andrew Charlon,51.00
2026-08-14 06:42:12.098938,Rebecca White,51.00
2026-08-14 06:42:12.098938,Anika Wells,67.00
2026-08-14 06:42:12.098938,Tony Burke,67.00
2026-08-14 06:42:12.098938,David Littleproud,81.00
2026-08-14 06:42:12.098938,Jacinta Price,81.00
2026-08-14 06:42:12.098938,Gladys Berejiklian,101.00
2026-08-14 06:42:12.098938,Larissa Waters,151.00
2026-08-15 06:42:09.167009,Anthony Albanese,1.91
2026-08-15 06:42:09.167009,Pauline Hanson,4.33
2026-08-15 06:42:09.167009,Angus Taylor,5.00
2026-08-15 06:42:09.167009,Jim Chalmers,8.00
2026-08-15 06:42:09.167009,Andrew Hastie,15.00
2026-08-15 06:42:09.167009,Barnaby Joyce,15.00
2026-08-15 06:42:09.167009,Jason Clare,34.00
2026-08-15 06:42:09.167009,Tanya Plibersek,34.00
2026-08-15 06:42:09.167009,Richard Marles,41.00
2026-08-15 06:42:09.167009,Josh Frydenberg,46.00
2026-08-15 06:42:09.167009,Lee Hanson,46.00
2026-08-15 06:42:09.167009,Andrew Charlon,51.00
2026-08-15 06:42:09.167009,Rebecca White,51.00
2026-08-15 06:42:09.167009,Anika Wells,67.00
2026-08-15 06:42:09.167009,Tony Burke,67.00
2026-08-15 06:42:09.167009,David Littleproud,81.00
2026-08-15 06:42:09.167009,Jacinta Price,81.00
2026-08-15 06:42:09.167009,Gladys Berejiklian,101.00
2026-08-15 06:42:09.167009,Larissa Waters,151.00
2026-08-16 06:42:13.682836,Anthony Albanese,1.91
2026-08-16 06:42:13.682836,Pauline Hanson,4.33
2026-08-16 06:42:13.682836,Angus Taylor,5.00
2026-08-16 06:42:13.682836,Jim Chalmers,8.00
2026-08-16 06:42:13.682836,Andrew Hastie,15.00
2026-08-16 06:42:13.682836,Barnaby Joyce,15.00
2026-08-16 06:42:13.682836,Jason Clare,34.00
2026-08-16 06:42:13.682836,Tanya Plibersek,34.00
2026-08-16 06:42:13.682836,Richard Marles,41.00
2026-08-16 06:42:13.682836,Josh Frydenberg,46.00
2026-08-16 06:42:13.682836,Lee Hanson,46.00
2026-08-16 06:42:13.682836,Andrew Charlon,51.00
2026-08-16 06:42:13.682836,Rebecca White,51.00
2026-08-16 06:42:13.682836,Anika Wells,67.00
2026-08-16 06:42:13.682836,Tony Burke,67.00
2026-08-16 06:42:13.682836,David Littleproud,81.00
2026-08-16 06:42:13.682836,Jacinta Price,81.00
2026-08-16 06:42:13.682836,Gladys Berejiklian,101.00
2026-08-16 06:42:13.682836,Larissa Waters,151.00
2026-08-17 06:42:08.266050,Anthony Albanese,1.91
2026-08-17 06:42:08.266050,Pauline Hanson,4.33
2026-08-17 06:42:08.266050,Angus Taylor,5.00
2026-08-17 06:42:08.266050,Jim Chalmers,8.00
2026-08-17 06:42:08.266050,Andrew Hastie,15.00
2026-08-17 06:42:08.266050,Barnaby Joyce,15.00
2026-08-17 06:42:08.266050,Jason Clare,34.00
2026-08-17 06:42:08.266050,Tanya Plibersek,34.00
2026-08-17 06:42:08.266050,Richard Marles,41.00
2026-08-17 06:42:08.266050,Josh Frydenberg,46.00
2026-08-17 06:42:08.266050,Lee Hanson,46.00
2026-08-17 06:42:08.266050,Andrew Charlon,51.00
2026-08-17 06:42:08.266050,Rebecca White,51.00
2026-08-17 06:42:08.266050,Anika Wells,67.00
2026-08-17 06:42:08.266050,Tony Burke,67.00
2026-08-17 06:42:08.266050,David Littleproud,81.00
2026-08-17 06:42:08.266050,Jacinta Price,81.00
2026-08-17 06:42:08.266050,Gladys Berejiklian,101.00
2026-08-17 06:42:08.266050,Larissa Waters,151.00
2026-08-18 06:42:18.385073,Anthony Albanese,1.91
2026-08-18 06:42:18.385073,Pauline Hanson,4.33
2026-08-18 06:42:18.385073,Angus Taylor,5.00
2026-08-18 06:42:18.385073,Jim Chalmers,8.00
2026-08-18 06:42:18.385073,Andrew Hastie,15.00
2026-08-18 06:42:18.385073,Barnaby Joyce,15.00
2026-08-18 06:42:18.385073,Jason Clare,34.00
2026-08-18 06:42:18.385073,Tanya Plibersek,34.00
2026-08-18 06:42:18.385073,Richard Marles,41.00
2026-08-18 06:42:18.385073,Josh Frydenberg,46.00
2026-08-18 06:42:18.385073,Lee Hanson,46.00
2026-08-18 06:42:18.385073,Andrew Charlon,51.00
2026-08-18 06:42:18.385073,Rebecca White,51.00
2026-08-18 06:42:18.385073,Anika Wells,67.00
2026-08-18 06:42:18.385073,Tony Burke,67.00
2026-08-18 06:42:18.385073,David Littleproud,81.00
2026-08-18 06:42:18.385073,Jacinta Price,81.00
2026-08-18 06:42:18.385073,Gladys Berejiklian,101.00
2026-08-18 06:42:18.385073,Larissa Waters,151.00
2026-08-19 06:42:11.574777,Anthony Albanese,1.91
2026-08-19 06:42:11.574777,Pauline Hanson,4.33
2026-08-19 06:42:11.574777,Angus Taylor,5.00
2026-08-19 06:42:11.574777,Jim Chalmers,8.00
2026-08-19 06:42:11.574777,Andrew Hastie,15.00
2026-08-19 06:42:11.574777,Barnaby Joyce,15.00
2026-08-19 06:42:11.574777,Jason Clare,34.00
2026-08-19 06:42:11.574777,Tanya Plibersek,34.00
2026-08-19 06:42:11.574777,Richard Marles,41.00
2026-08-19 06:42:11.574777,Josh Frydenberg,46.00
2026-08-19 06:42:11.574777,Lee Hanson,46.00
2026-08-19 06:42:11.574777,Andrew Charlon,51.00
2026-08-19 06:42:11.574777,Rebecca White,51.00
2026-08-19 06:42:11.574777,Anika Wells,67.00
2026-08-19 06:42:11.574777,Tony Burke,67.00
2026-08-19 06:42:11.574777,David Littleproud,81.00
2026-08-19 06:42:11.574777,Jacinta Price,81.00
2026-08-19 06:42:11.574777,Gladys Berejiklian,101.00
2026-08-19 06:42:11.574777,Larissa Waters,151.00
2026-08-20 06:42:08.010013,Anthony Albanese,1.91
2026-08-20 06:42:08.010013,Pauline Hanson,4.33
2026-08-20 06:42:08.010013,Angus Taylor,5.00
2026-08-20 06:42:08.010013,Jim Chalmers,8.00
2026-08-20 06:42:08.010013,Andrew Hastie,15.00
2026-08-20 06:42:08.010013,Barnaby Joyce,15.00
2026-08-20 06:42:08.010013,Jason Clare,34.00
2026-08-20 06:42:08.010013,Tanya Plibersek,34.00
2026-08-20 06:42:08.010013,Richard Marles,41.00
2026-08-20 06:42:08.010013,Josh Frydenberg,46.00
2026-08-20 06:42:08.010013,Lee Hanson,46.00
2026-08-20 06:42:08.010013,Andrew Charlon,51.00
2026-08-20 06:42:08.010013,Rebecca White,51.00
2026-08-20 06:42:08.010013,Anika Wells,67.00
2026-08-20 06:42:08.010013,Tony Burke,67.00
2026-08-20 06:42:08.010013,David Littleproud,81.00
2026-08-20 06:42:08.010013,Jacinta Price,81.00
2026-08-20 06:42:08.010013,Gladys Berejiklian,101.00
2026-08-20 06:42:08.010013,Larissa Waters,151.00
2026-08-21 06:42:08.010223,Anthony Albanese,1.91
2026-08-21 06:42:08.010223,Pauline Hanson,4.33
2026-08-21 06:42:08.010223,Angus Taylor,5.00
2026-08-21 06:42:08.010223,Jim Chalmers,8.00
2026-08-21 06:42:08.010223,Andrew Hastie,15.00
2026-08-21 06:42:08.010223,Barnaby Joyce,15.00
2026-08-21 06:42:08.010223,Jason Clare,34.00
2026-08-21 06:42:08.010223,Tanya Plibersek,34.00
2026-08-21 06:42:08.010223,Richard Marles,41.00
2026-08-21 06:42:08.010223,Josh Frydenberg,46.00
2026-08-21 06:42:08.010223,Lee Hanson,46.00
2026-08-21 06:42:08.010223,Andrew Charlon,51.00
2026-08-21 06:42:08.010223,Rebecca White,51.00
2026-08-21 06:42:08.010223,Anika Wells,67.00
2026-08-21 06:42:08.010223,Tony Burke,67.00
2026-08-21 06:42:08.010223,David Littleproud,81.00
2026-08-21 06:42:08.010223,Jacinta Price,81.00
2026-08-21 06:42:08.010223,Gladys Berejiklian,101.00
2026-08-21 06:42:08.010223,Larissa Waters,151.00
2026-08-22 06:42:09.876398,Anthony Albanese,1.91
2026-08-22 06:42:09.876398,Pauline Hanson,4.33
2026-08-22 06:42:09.876398,Angus Taylor,5.00
2026-08-22 06:42:09.876398,Jim Chalmers,8.00
2026-08-22 06:42:09.876398,Andrew Hastie,15.00
2026-08-22 06:42:09.876398,Barnaby Joyce,15.00
2026-08-22 06:42:09.876398,Jason Clare,34.00
2026-08-22 06:42:09.876398,Tanya Plibersek,34.00
2026-08-22 06:42:09.876398,Richard Marles,41.00
2026-08-22 06:42:09.876398,Josh Frydenberg,46.00
2026-08-22 06:42:09.876398,Lee Hanson,46.00
2026-08-22 06:42:09.876398,Andrew Charlon,51.00
2026-08-22 06:42:09.876398,Rebecca White,51.00
2026-08-22 06:42:09.876398,Anika Wells,67.00
2026-08-22 06:42:09.876398,Tony Burke,67.00
2026-08-22 06:42:09.876398,David Littleproud,81.00
2026-08-22 06:42:09.876398,Jacinta Price,81.00
2026-08-22 06:42:09.876398,Gladys Berejiklian,101.00
2026-08-22 06:42:09.876398,Larissa Waters,151.00
